Task ID,Task Name,Assignee,Due Date,Status
1,Design Mockups,John Doe,2023-11-10,In Progress
2,Code Implementation,Jane Smith,2023-11-15,In Progress
3,Testing Phase,Mark Johnson,2023-11-20,Completed
4,Documentation,Emily Davis,2023-11-25,In Progress
5,Final Review,Chris Brown,2023-11-30,Completed
6,Database Setup,John Doe,2023-12-05,Not Started
7,Unit Testing,Jane Smith,2023-12-10,Completed
8,Integration Testing,Mark Johnson,2023-12-15,In Progress
9,User Acceptance Testing,Emily Davis,2023-12-20,Not Started
10,Deployment,Chris Brown,2023-12-25,In Progress
11,Frontend Development,Kevin Lee,2024-01-05,In Progress
12,Backend Development,Grace Johnson,2024-01-10,Completed
13,Database Migration,David Kim,2024-01-15,Completed
14,Code Review,Emma Lee,2024-01-20,In Progress
15,Documentation Update,Liam Smith,2024-01-25,Completed
16,Bug Fixes,Ava Johnson,2024-01-30,In Progress
17,Feature Testing,Mia Davis,2024-02-05,In Progress
18,User Interface Design,Ethan Brown,2024-02-10,Not Started
19,Performance Optimization,Noah Wilson,2024-02-15,Completed
20,Security Audit,Sophia Johnson,2024-02-20,In Progress
21,Database Optimization,Olivia Kim,2024-02-25,Not Started
22,Integration with API,James Lee,2024-03-05,Not Started
23,Deployment Testing,Isabella Wilson,2024-03-10,In Progress
24,Documentation Review,Liam Smith,2024-03-15,In Progress
25,Code Refactoring,Ava Johnson,2024-03-20,In Progress
26,Feature Implementation,Emma Lee,2024-03-25,In Progress
27,Database Security Audit,Ethan Brown,2024-03-30,Completed
28,User Feedback Analysis,Noah Wilson,2024-04-05,Completed
29,Load Testing,Sophia Johnson,2024-04-10,In Progress
30,Error Handling Optimization,Olivia Kim,2024-04-15,Completed
31,Code Optimization,James Lee,2024-04-20,In Progress
32,UI/UX Redesign,Isabella Wilson,2024-04-25,In Progress
33,Database Scalability,John Doe,2024-04-30,Not Started
34,Continuous Integration Setup,Jane Smith,2024-05-05,In Progress
35,Automated Testing Implementation,Mark Johnson,2024-05-10,Not Started
36,Deployment Automation,Emily Davis,2024-05-15,In Progress
37,Code Documentation,Chris Brown,2024-05-20,In Progress
38,Code Version Control,John Doe,2024-05-25,Completed
39,Database Backup Strategy,Jane Smith,2024-05-30,Not Started
40,Performance Monitoring,Mark Johnson,2024-06-05,Completed
41,User Support Documentation,Emily Davis,2024-06-10,In Progress
42,Error Reporting System,Chris Brown,2024-06-15,In Progress
43,Feature Request Review,John Doe,2024-06-20,Completed
44,Security Patch Implementation,Jane Smith,2024-06-25,In Progress
45,User Account Management,Mark Johnson,2024-07-05,In Progress
46,Feature Rollout Plan,Emily Davis,2024-07-10,Not Started
47,Feedback Gathering,Chris Brown,2024-07-15,In Progress
48,Code Security Audit,John Doe,2024-07-20,Completed
49,Database Schema Update,Jane Smith,2024-07-25,In Progress
50,User Interface Testing,Mark Johnson,2024-08-05,Completed
51,Scalability Testing,Emily Davis,2024-08-10,In Progress
52,Performance Tuning,Chris Brown,2024-08-15,Completed
53,Database Replication Setup,John Doe,2024-08-20,In Progress
54,Automated Backup System,Jane Smith,2024-08-25,In Progress
55,Error Recovery Planning,Mark Johnson,2024-09-05,In Progress
56,User Training Documentation,Emily Davis,2024-09-10,Completed
57,Code Review Process,Chris Brown,2024-09-15,In Progress
58,Feature Request Evaluation,John Doe,2024-09-20,In Progress
59,Security Incident Response,Jane Smith,2024-09-25,In Progress
60,Database Disaster Recovery Plan,Mark Johnson,2024-10-05,In Progress
61,Performance Benchmarking,Emily Davis,2024-10-10,In Progress
62,Code Quality Assurance,Chris Brown,2024-10-15,Completed
63,Database Load Balancing,John Doe,2024-10-20,In Progress
64,Automated Testing Framework,Jane Smith,2024-10-25,In Progress
65,Error Handling Strategy,Mark Johnson,2024-11-05,In Progress
66,User Interface Prototype,Emily Davis,2024-11-10,In Progress
67,Codebase Documentation,Chris Brown,2024-11-15,In Progress
68,Feature Prioritization,John Doe,2024-11-20,Completed
69,Security Vulnerability Assessment,Jane Smith,2024-11-25,In Progress
70,Database Backup Testing,Mark Johnson,2024-12-05,In Progress
71,User Interface Optimization,Emily Davis,2024-12-10,In Progress
72,Codebase Cleanup,Chris Brown,2024-12-15,In Progress
73,Feature Development Planning,John Doe,2024-12-20,Completed
74,Security Patch Management,Jane Smith,2024-12-25,In Progress
75,Database Indexing,Mark Johnson,2025-01-05,In Progress
76,Automated Deployment Pipeline,Emily Davis,2025-01-10,In Progress
77,Codebase Version Control,Chris Brown,2025-01-15,In Progress
78,Feature Testing Framework,John Doe,2025-01-20,Completed
79,Security Compliance Review,Jane Smith,2025-01-25,In Progress
80,Database Backup Automation,Mark Johnson,2025-02-05,In Progress
81,User Feedback Integration,Emily Davis,2025-02-10,In Progress
82,Codebase Integration Testing,Chris Brown,2025-02-15,In Progress
83,Feature Rollout Execution,John Doe,2025-02-20,In Progress
84,Security Training Program,Emily Davis,2025-02-25,In Progress
85,Database Replication Monitoring,Mark Johnson,2025-03-05,In Progress
86,Automated Backup Verification,Emily Davis,2025-03-10,In Progress
87,Error Recovery Testing,Chris Brown,2025-03-15,In Progress
88,User Interface Redesign,John Doe,2025-03-20,In Progress
89,Code Review Implementation,Jane Smith,2025-03-25,In Progress
90,Feature Request Implementation,Mark Johnson,2025-04-05,In Progress
91,Security Incident Handling,Emily Davis,2025-04-10,In Progress
92,Database Disaster Recovery Testing,Chris Brown,2025-04-15,In Progress
93,Performance Benchmark Analysis,John Doe,2025-04-20,In Progress
94,Code Quality Improvement,Mark Johnson,2025-04-25,In Progress
95,Database Load Balancer Configuration,Emily Davis,2025-05-05,In Progress
96,Automated Testing Enhancement,Chris Brown,2025-05-10,In Progress
97,Error Handling Refinement,John Doe,2025-05-15,In Progress
98,User Interface Usability Testing,Jane Smith,2025-05-20,In Progress
99,Codebase Migration,Mark Johnson,2025-05-25,In Progress
100,Feature Launch,Emily Davis,2025-06-05,Not Started
